commit,kidcount,distance
5e7cb5e1,3,1
b1049075,2,1
ded72b5e,2,1
10ac615b,2,1
7180bb5c,2,1
1f632d74,2,1
9fc625f2,2,1
dd675e4d,2,1
ea13e859,4,1
10102778,2,1
284f71e8,2,1
6190d890,2,1
87aff637,4,1
a2ec2dad,8,1
b6f606f1,3,1
d5997b3a,6,1
dc3f1038,2,1
64da5d51,2,2
7f884ece,2,3
b8682a43,2,1
43ab10d4,2,1
62997f4a,2,1
84722a97,2,1
8d1bb19f,2,1
e1fc1749,2,1
188e31d4,2,1
45f55c9f,2,1
934126b4,2,2
af465e67,2,1
3d5da250,2,1
82444322,2,1
2af0b71a,3,3
46bc92bd,2,1
807142da,2,2
9d067a77,2,1
43b152c7,2,1
960a34f6,2,163
a9dcf518,2,1
ac3095a7,2,4
af6512a8,2,1
afe5aba9,2,1
fab635c5,2,10
ff44344c,2,9
f65451cc,2,11
b048c859,2,1
9b5d6c4c,2,3
bcca7948,2,1
e8caa270,2,2
01b14fba,2,20
066a6596,2,1
0740f633,2,6
0dbff798,2,1
10919fec,2,285
17e3a2df,2,271
17f72353,2,25
285eff41,2,135
29fff2b1,2,1
2c7fa59d,2,1
2c9a7827,2,2
3ea78622,2,8
48925cad,2,1
4bf87d75,2,1
51648d92,2,51
5313b368,2,1
531e0b08,2,14
5a62ddfa,2,2
646bbba8,2,4
65915d90,2,1
7085a14e,2,1
8052e53b,2,31
83c86297,2,239
84c16746,2,2
85c48569,2,4
87b29f79,2,1
87da27a6,2,1
b1781168,2,7
b8d1b8d0,2,10
be2f500d,2,1
c0493daf,2,1
c06747bd,2,1
c15ba6db,2,2
c23f49ca,2,9
c682298d,2,70
c84c03e6,2,14
d277920f,2,155
d8ec9297,2,1
e4f5b3b8,2,1
ed9840f0,2,2
f1940941,2,17
f39a472b,2,8
f651ab4e,2,269
f871c49d,2,1
fefa0947,2,2
2ec02db2,2,1
3a94f157,2,1
5726d8e7,2,1
a3058ee6,2,1
6f01458b,2,1
c5a4a5cd,2,1
5ebf3417,3,1
082bb2af,2,1
38b015ae,2,1
6078acb0,2,2
a1ae5fa2,2,1
f04bde19,2,1
f637e010,2,1
f7d03068,2,1
0bbf4a31,2,1
3d2d5320,2,1
4b76debc,4,1
36f1ff4c,2,3
4e861ce3,2,2
83b2bc11,2,3
9b542a9e,2,2
daf5f79a,2,3
9c7dba1d,2,1
ddb275ec,2,2
32f38fc8,2,4
6ab555e9,2,2
48ff85e9,3,1
05a3d378,2,1
0e4be20f,2,1
13dde056,2,2
1c86a7bb,2,1
87d96826,2,1
9ff98bdf,2,1
c8566c8c,2,1
0983f361,2,2
2794c059,2,4
f35288a5,3,1
9e4dbd28,2,6
0b19684c,2,2
ed5258c6,2,4
952ab548,2,1
ac2ff44e,2,1
de4d38e2,2,1
df2f42ed,2,1
fa905e34,2,1
0ef1c349,3,2
759aaad0,2,2
fa91176c,2,1
0cb3e7f4,2,1
18f8d836,3,2
1cf28487,2,1
20cd2da9,2,1
3aa21a58,3,2
45e677bb,3,1
5ad6afec,2,1
5e5bba66,2,1
7efd2f9b,3,2
9f0924df,2,1
abdaedce,2,1
b595996d,2,1
b6194e40,3,1
be46cab9,2,8
cdbcc5b3,2,2
ce88187f,2,1
d510cb0d,2,1
dfd1cb8b,2,1
e306501f,2,1
05e24289,3,1
4d50a9f2,2,1
c4d7ba77,2,2
81a4b27c,2,1
7c1a19e6,2,1
ad8cc142,2,1
0149b9d0,2,1
6059c5b9,2,1
6d8bf34b,2,1
8f9da3e3,2,1
fc0ef9a0,2,1
eb0e88ce,3,1
58f2f068,2,1
1285a482,2,1
b9c41462,2,1
380d18f0,2,1
7f208e71,2,4
b8cc03ee,2,1
1c29860c,2,1
3b791168,2,1
0065a062,2,1
03a27f96,2,1
0594105a,2,1
0849828f,2,1
0c8dde23,2,1
0de6244a,2,1
0f0e38b9,2,1
0fe0d45d,2,1
141d594a,2,1
17172bfe,2,1
178f01e6,4,1
225acbab,2,1
297239a3,2,2
2ab0d142,2,1
2cc7f13b,2,1
2d6f249c,2,1
2d762ce4,2,2
2e44497a,2,1
2ecf7ad1,2,1
343d93ab,3,1
34cc556f,2,1
35025083,2,1
36565c9a,2,3
427dc6d3,3,1
4d75a146,2,1
547a2c8f,2,1
5c50445e,2,1
5dbb91f6,2,1
5ff41678,2,1
6a23ed5d,2,1
75596a44,2,1
774c4d0e,2,1
7e6afb76,2,1
81871e26,2,1
8875d77f,2,1
8bb8bc4e,3,1
96db2d8e,2,1
9858a2e1,3,1
9a9c09b2,7,1
9bb0a659,2,1
9fed5dad,2,1
a5b794eb,3,1
b2952297,2,1
c31e1d3a,3,1
cd94f983,2,1
d2326d8e,2,1
d47cae06,2,4
d6f16da7,2,1
da58c99e,2,1
dd291a06,2,1
de346966,2,1
e8990e6b,2,1
f0fcc54b,3,1
4ec0c951,2,1
ab28f2e8,2,1
7d723e2e,2,2
57eafb4c,2,1
94de3905,2,1
47201c2c,2,1
1ea00653,5,1
785a0bf1,2,1
387702ed,2,1
8c234e13,2,1
1cb258a3,2,2
d7bc5e1a,2,1
67961c92,3,1
813c2ec9,2,2
4a8f7911,2,1
c2aa6f2e,2,1
91ae01aa,3,1
e8e23506,2,1
f875f383,2,1
612880a7,2,1
6ef6d1a5,2,1
48145a9b,3,2
633679b7,2,1
a8c9c556,2,1
d875a0ef,2,1
ee289bd1,3,1
05e0558a,2,1
1c10a153,2,10
314e3888,2,5
31797b91,2,1
39bd4452,2,1
3d7e190b,2,2
511515e9,2,1
643c38a6,2,2
65e6aadf,2,1
68392507,2,1
89c134fe,2,1
96c36dd7,2,1
a38dea1c,2,3
beaccf8a,2,1
c93305da,2,1
d782f8a8,2,4
dc7d3026,3,1
e1255b34,2,1
2289aa23,2,8
a56c34c4,3,1
c61d3d33,2,5
e1a80916,2,1
ec985e7b,2,1
44393b97,2,5
bab7cf59,3,1
c7ebee32,2,1
4037958b,2,1
2a3ce8b5,2,3
0691a62c,2,3
3e0e20d3,2,1
0221902e,2,1
031da181,2,1
216cf42f,2,1
29217972,2,1
2ec1c4f2,2,1
3537f4a5,2,1
52ca76ee,2,1
62dbe9a9,3,1
76766e16,2,1
77e53eeb,2,1
7981f9df,3,1
80217ff5,2,1
859566f0,2,1
b7466ebe,3,1
cc02bc6b,2,1
dabae29c,3,1
e4f7ec99,2,1
e86fbef0,2,2
3288ddb4,2,1
93d0f0e1,2,2
6c983014,2,1
fe7e2ecb,2,7
64694d6a,2,1
796e14ea,2,1
9fac1765,2,1
d18fd272,2,1
12f767bd,2,2
16f8ef69,2,1
03c410b9,2,1
0cf4a25d,5,1
11127f6a,2,1
19c51747,2,1
23c0b3d8,2,1
2518b56f,2,1
268c6d55,6,1
2820975c,2,1
2821afa7,5,1
2de66447,3,1
3355bca1,2,1
3c03e4cb,3,1
41ab3b51,2,1
512ed132,3,1
52a47361,3,1
573591f8,2,1
57c86a00,3,1
6d2c2d05,2,1
7ac95504,3,1
7adb9de4,2,1
7d0d7c01,4,1
814cdb0e,2,1
863ad673,3,1
88f7aa50,2,1
8adec4d4,4,1
8d4918d1,2,1
8e6ecc18,2,1
8f2c84ae,2,1
908efa01,3,1
912cd6fa,5,1
9e028c61,2,1
a5e5d102,4,1
a8e352dc,2,1
b428a858,2,1
b5761cc3,2,1
c6b7707d,3,3
d4da04b1,2,1
e548f3a6,2,1
f1500ba0,5,1
f531f0bd,4,1
fee88893,2,1
ff48f0dc,2,1
4c59c6d1,2,1
598aafb3,2,1
dca74a94,2,1
f4712af0,2,2
808d087d,4,1
d0b89cd3,2,4
cf1989e1,2,1
f19e8202,2,1
2200667b,2,1
72e98a23,2,8
7910e53d,2,3
8655e352,2,1
a161f124,2,3
b58b970d,2,1
de889a30,2,29
1ffdaa9f,3,1
3fb09d1a,2,1
b1a619dc,2,1
b24524fe,2,1
07be957b,2,1
0a413630,2,1
21b8ae6a,2,1
275da9b0,2,1
28c1b576,2,4
2e77a83d,2,1
3aa0a4df,3,1
4d06cef4,2,4
6ac37cc9,2,1
853d9204,3,1
8dc7418c,2,1
978f0b7e,2,1
c712c90c,2,1
d77527f6,2,1
da78adae,2,1
dbabd461,2,1
de7623ed,2,1
e227bb4b,3,1
f1ef0710,2,1
138da809,2,1
2e68167c,2,2
8af00ef3,2,4
326d0045,3,1
de7b6160,6,1
9c4539b3,2,1
a22182e1,2,1
1886210e,2,1
904b09b5,2,2
0167f3fd,2,1
0aef21d6,2,1
0b1c92c3,2,1
130803dd,2,19
19e4c3a1,2,1
1da8b662,2,10
1f13c082,2,7
22ea1be0,2,2
26df243b,2,1
29ca7db9,2,7
2d27311d,2,3
2e617083,3,6
31f21b96,2,1
320f6abb,2,1
3388591d,2,5
3cd83a99,4,3
443ddb63,6,1
45154e9a,2,1
454b0ae0,2,1
467ccfbb,2,1
4cd1fbc4,2,9
4f3ce719,2,1
4fdc0d49,2,1
51aea619,2,1
575b395a,2,10
5ce78c48,2,1
60be4d2c,2,1
61212e84,3,1
626e0a55,2,2
6339521d,2,1
639752ed,2,1
643e2928,4,1
6d7368c0,2,1
70d32fcc,2,2
7a6b4eb9,2,2
7b4ffc97,3,1
7ec48601,2,2
8257fadd,2,1
89a0c910,2,1
89c13486,2,1
8b64d4fc,2,6
8e3137a9,2,1
970afeeb,3,1
9a1b6090,2,3
9b1ae224,2,1
9da2c2c7,2,1
a04e24e5,2,1
a2c04b97,3,1
a4e929d9,2,2
a5e393fc,2,2
a5fedf54,2,5
a74058cb,2,46
acb82d71,2,2
ae003e04,2,1
aeb06067,2,1
b2239041,2,1
b3bfc9d3,2,1
b403be63,2,26
bab8f0aa,2,4
bb3f5c0e,2,4
bce9d5c9,2,1
be4d7212,2,3
c077c19b,2,1
c58164f7,4,1
c62594e2,2,1
c8d8226d,2,19
ca5b9857,2,1
cd5683aa,2,1
cd7ac37b,2,1
d178a8b9,3,1
d90f2db0,3,1
da888908,3,7
dc5bd226,2,1
dc9c8e65,2,1
e062ebd1,2,1
e507516d,3,1
e6150c68,2,1
e7cf9514,2,1
e8dce761,2,3
ed0a495c,2,1
ee7fa54d,2,8
f05254f6,2,1
f192d539,2,1
f1c4a682,2,12
f593fc23,3,2
f7c084a5,2,3
f8320285,2,1
fb9199f5,2,1
fd87e04d,2,2
fe786618,2,1
ff0d7359,2,5
8f533f8d,2,1
a5f26cd7,2,2
4dc26c0d,2,1
5a345122,2,1
66980a65,2,3
1ac2923d,2,1
207a5010,2,1
20bb7ac9,2,1
24234249,4,1
41e8ed7a,2,3
50191f51,2,1
8568542e,2,4
8e1fa115,2,1
a149ccf1,2,1
c15a9ca1,2,1
c8bb1a34,2,1
e25888ad,2,1
adf414d3,2,1
f28ef56a,2,1
44ba9e95,2,1
3dd61402,2,1
cb18c6af,2,3
e18ebab2,2,4
0bb1cc7e,3,1
557e5221,2,31
28bab527,2,1
b707d84c,2,1
c6f8d5c6,5,1
d09cd5a1,2,1
15da60aa,2,1
357646fa,3,4
43d00933,3,1
c813c2a8,2,1
cf861e36,2,1
e35dfa42,2,11
edff32db,2,2
50fa7dac,2,1
60c72420,2,1
4be19c91,2,1
72a545c3,3,1
8ca86324,2,1
acf6ed34,2,1
2478ed39,2,1
3149127c,2,1
c0c03f08,2,1
ddfb319c,2,1
42f9e331,2,1
55f909d9,2,1
8996e65f,2,1
ae2b6b34,2,1
ceeb93d0,2,1
fd85ca90,4,3
51fd417d,2,3
16eaf2d8,2,1
9b87dee5,2,1
b80ad17f,2,1
fe6b8822,2,1
6844891d,2,1
9de45fd6,2,2
c2dea492,2,2
f4762966,2,1
c013be87,2,2
00490c60,2,1
60c7d422,2,3
c9f5430a,2,1
0737e398,2,1
1a3dd5d1,3,1
47aa5677,5,1
daec9df3,3,1
51c8a8ca,2,1
6128d135,2,1
d4dd941b,2,4
f8f73912,2,1
97356e8e,2,4
4fc29617,3,1
36dc5c4a,3,1
39070cfd,2,1
ef127561,2,2
09a05e9f,2,1
1963c62e,3,1
1b92cc64,3,1
204d1b9c,3,10
394d16fc,2,1
5c3b6f3b,2,1
78ae2fa6,4,1
945dd046,2,1
9862f03d,2,2
ca580f0d,3,1
cefe716e,2,1
d0860735,2,3
d9742718,2,1
dce957f1,2,1
dd20b7a1,2,1
e63df08a,2,1
e7e903b7,2,1
ede23272,2,1
f235c4a5,6,1
fae84e56,2,1
0cbae14c,2,2
d1aba72c,2,2
bbaf243f,2,1
05617bbe,2,2
51acf9b8,2,1
5c33091b,2,1
b681ce2e,2,4
dcd2c68d,2,1
102edc5f,2,1
136970aa,3,1
efea40dd,3,1
29d21a83,2,1
7358eaba,2,2
deaaf6a9,2,1
28de9267,2,1
2feab5b7,3,1
822b8f23,2,1
9904fc43,3,1
dc16ffc3,3,1
e4f3b049,2,1
0cfeeb55,9,1
1a1b7f42,6,1
295f455e,2,1
2a3bba8b,2,1
3c3e82dd,9,1
3c4a7c63,3,1
5cdb0e31,8,1
7b979b15,2,1
7b9e4f49,2,1
83542066,4,1
874e2d70,2,1
ad18bc59,2,1
aee273df,2,1
dccc48d4,2,2
dd2da3d3,4,1
e47ad11a,3,1
e6a463ff,3,1
fe4bffff,4,1
ff1ae718,2,1
bdab20dc,2,2
1755db1a,2,1
27b8c165,2,1
198cc799,2,1
20e68ed9,2,1
44f27a43,2,1
6a837a5b,2,1
9488bfcc,2,1
aae71d03,2,2
bf8da79c,2,1
222e7418,3,1
d7a3ae2f,3,1
fec55490,2,1
7a4d5538,2,1
028d8bdd,2,1
af24cd43,2,1
83bb02b1,2,1
e74ee67c,2,1
737e4d61,2,3
d28d0254,2,1
62f994b8,4,4
7f70a8ba,3,1
ec00d8e5,2,1
66e6ac85,2,1
2bc21ff2,3,1
99ecc2dd,3,3
a4459928,2,1
e1b88c0d,2,1
76bb603b,2,1
75b3d44a,2,2
75fb758b,3,1
468c078f,3,1
c8e2a12c,5,3
663a6a7f,2,1
1a94d55f,2,2
3e5d8c8e,2,1
4d4a33cc,2,1
7da6110d,2,3
96786bb5,5,1
a39ad0c1,2,1
a42d0bf4,4,1
adfabec8,4,1
b37c7ed1,2,2
eb8254eb,2,1
faa270cb,2,1
34dbc2da,2,3
1b26aa8c,2,3
483cdc1d,2,1
94a0add0,2,1
31c77bed,5,1
61a792ac,2,1
89dfac86,2,1
a4d05c80,2,1
ac95cb57,2,1
c38fadfd,2,1
ff987b19,3,1
09b9d91f,2,1
2c884fee,2,1
4bf6eb55,2,9
87f3b8af,2,6
06fbd3dc,2,1
1fc110ae,2,1
48f8dac4,2,1
5f47242b,2,3
9825dd5a,2,1
b5281444,2,1
d7ed0652,2,1
e5bbdfd0,2,1
f176c4b1,2,1
dc8d0ad4,4,1
bb14d04b,4,1
374cb62c,2,1
b24cb2f3,2,1
441fb27b,2,1
6bd236d6,3,1
7ba6511d,2,1
b856be0f,2,1
c9a4784a,2,1
62fecf94,2,1
f429432f,2,2
c78ec4fe,2,1
d91b174f,2,1
8dbbf60c,2,1
c9ac2667,4,1
853af848,3,1
aebc4ac4,2,1
039043da,2,1
091b8664,3,1
2556f67a,2,1
3353aea5,4,1
0a16401e,7,1
54b2ce09,2,1
8debac30,3,1
b6ec07f4,2,1
10b01a19,2,5
174fbe4c,2,1
1c5f986e,4,1
4a067601,2,1
c4011ae4,2,1
0dd67e0f,2,1
4af50b5d,3,1
53e2c5dd,3,1
67f03e39,2,1
7ad4fe4c,3,1
7cfa388c,2,1
9db37548,2,1
b80bd376,2,1
cc4b0480,2,1
df97bd11,2,1
f81f641a,3,1
7c84ec9c,2,1
a3274577,6,1
a44e6f0f,2,2
f48fa95e,3,1
1d2cc1fa,2,1
27cdd633,2,1
51600020,2,1
73606f74,2,2
78156859,2,1
b25c3391,2,1
b9cd7f51,2,1
cde17984,3,1
ae26df31,2,4
52aa71ec,2,1
6c24e7d2,3,1
af149bcb,2,1
d1f4e1e3,2,1
d276b46b,2,1
d4e328da,2,1
dc7dd2cb,2,1
f776e53f,2,41
5369505b,2,8
127d68db,2,1
18f7ab04,3,1
379d6be7,3,2
6b45908a,2,4
812686dc,2,1
81d9ebcc,2,1
90790c86,2,3
a474b80a,2,1
b0837042,2,1
bac0ba31,2,1
cd782d93,2,3
fd6b24a7,2,1
e2f47bbc,2,1
09397ce4,2,1
09ed7867,2,1
2b166ee8,3,1
5ef338aa,3,1
a17fdbc9,2,1
d71803d1,3,1
e2c08242,5,1
9f22fac6,2,1
1836df4c,2,1
42129cfc,2,1
4fe6624d,2,1
5c801493,2,1
8fa7f606,2,1
95c8caf6,2,3
a4569a0c,4,1
bb2e6143,2,1
bd4299f2,2,2
c711474f,2,1
dc4dbce3,2,1
ef41e27a,2,1
572fa035,2,1
a8a1d46b,2,4
95ae15b7,3,1
9682300b,3,1
d6999b2a,2,1
dcbacddb,3,1
f9d51e62,2,1
1d5d4ba3,2,1
1a0e6689,2,2
2c4dc7e0,2,1
54e279ad,2,2
10886dff,2,1
1d39b273,2,1
22eee203,2,7
26f551af,2,2
4e3ebb71,2,1
5289280d,2,1
7786f409,2,4
7f818412,2,1
81f227ae,2,1
83b94cf5,2,1
84adaca8,2,1
867c516f,2,3
9403ad7e,3,1
96695784,2,2
99427e79,2,1
a0294bdc,2,2
acc11a22,2,1
b3328325,2,1
cc755dd3,2,1
e2101128,2,11
f66e270f,2,1
c30897f6,2,1
f580feee,2,1
67c44596,2,1
2dc5162c,3,1
88baefe9,2,1
ab4c3674,2,1
1484314b,3,1
41458450,3,1
833a13f7,3,3
49af68c7,2,1
8626a223,2,1
a8da83bb,2,2
c17a9c0c,2,1
c679153e,4,1
dde05d2a,2,7
13515edf,2,1
1b3fc257,2,1
4af133f6,2,1
68c10889,2,1
a55d794e,2,1
bdb3b719,2,1
c0f4d203,2,12
d6d53d83,2,1
efbe08e1,2,1
35cadc39,2,1
676183d9,3,1
6b9d822e,2,1
786d61e8,2,1
956b0b1c,2,1
9b44a091,2,10
9cd9297e,2,1
c6af8663,3,2
d024838b,2,1
ca8c5c4d,2,1
6d5bbd05,4,1
c527b32b,4,1
1db6dc04,2,1
828a1e27,2,1
9912dec0,2,1
a1dffdb6,2,2
36957bc3,2,1
dda319f2,2,2
c0e054b2,2,1
d2144d13,2,4
d3909c3d,3,1
12f682ac,2,4
19320db5,2,1
38e2fcb5,2,1
4900b4d6,3,1
6a00997a,2,1
737dac77,2,1
88470549,2,1
8a39e8cb,3,1
8eeeabe8,2,2
94a88af7,2,1
ef3735f6,2,1
c5ae9916,2,1
64430a63,2,1
233686c6,10,1
1801db7a,3,1
703cc7a3,2,1
08f45e12,2,1
1658ed1b,2,1
1ee2d75a,2,1
2067525b,4,1
21aa16d4,2,1
26ed9fd2,3,1
36297840,4,1
395abd14,5,1
3ca9fab8,2,1
3cef58e0,2,1
3ec373eb,2,1
41b572dd,3,1
46969708,3,1
56183a1d,2,1
5c5a44d5,2,1
646441eb,4,1
709f5b65,2,1
762d7256,4,1
8ba0484d,2,1
8dc4a94c,2,1
8e227cdb,3,1
9ceec521,2,1
a90ac96c,2,1
af886faf,2,1
b7033642,3,1
b78c090a,2,1
bdd76144,2,1
c070241f,4,1
c50c4cc1,2,1
c8e74a50,2,2
d78b62e4,2,1
d7d8ab6f,2,1
e8f285b8,2,1
eb50db90,2,1
f31241e8,2,1
f9b4e013,2,1
f9de08ef,3,1
9bc74b93,2,2
11901b34,2,1
1bba738c,2,1
2503a275,2,1
43d209e3,2,1
522b1ec7,2,2
5253eb44,2,1
7fc5a9be,2,1
e5a0c284,2,1
958c3688,2,1
cccba680,2,1
d338a88c,4,1
02274966,3,1
35aff6a5,2,1
3bb7f7a0,2,1
4e8fb064,2,1
58e90162,2,1
66615897,3,1
89a7b858,3,1
8c716e78,2,1
ab826832,3,1
aec14b22,2,1
4003e1ce,2,1
52e7b9b6,2,1
6c0c4692,2,1
7e65c274,2,1
addde896,2,1
c1113035,2,4
da4c32cb,2,1
fcc686f5,2,1
015c7bef,3,2
b6aa3b33,2,1
e2143452,2,17
e2ca3ee7,2,10
e4bdef23,2,14
0dea5115,2,1
4299dfe0,2,1
7b6c3703,3,1
a328b15d,3,1
a4f14685,2,1
dd3dff9b,2,1
df3e5ba1,6,1
e810e4d2,2,1
be29c8fe,2,1
e54d047d,2,1
2096a54e,2,1
9a1dc668,2,8
d66f4f47,2,1
2d7a669a,2,5
347050ed,2,1
8f5a0751,2,2
b3be9202,2,1
a12e4cd5,2,1
30e77d63,2,1
492b2805,2,1
6ed71b4f,2,6
7fdc3feb,2,1
d2128417,2,3
dfc759de,2,1
dfeee5d8,2,1
fe5e734b,2,1
051c3849,4,1
7506f84c,7,1
b338107a,2,2
a28adea2,2,4
01278529,2,1
053f69b6,2,1
07aec2a6,3,1
0bad6dba,3,1
11b3fe7d,2,1
123e6d1d,2,1
137e60ca,3,1
1dbf9642,2,1
205e5279,2,1
2b500012,2,2
2eaa5a4d,2,1
31328e47,2,1
344cb55b,2,1
3bb28ec0,3,1
3c43819b,2,1
3f215931,2,1
420561c5,2,1
42f790fa,2,1
46e3c5a8,2,1
4a3869cd,2,1
4cadc2d5,3,1
4cfe3d70,2,1
4e1e0bcf,2,1
4f8cf0fe,5,1
4f960fd3,2,1
51262836,3,1
5d44fa77,2,1
65020004,2,1
682a4960,3,1
731adffa,3,1
75e3085c,2,1
766c6f0a,2,1
7f51d871,3,1
914b1c53,3,1
a51c4f0d,4,1
a5d9d779,2,1
aaadf292,2,1
ac70d721,2,1
aec00f83,3,1
b70165b9,2,1
ba7f0cf2,2,1
c3bf9dd8,2,2
c45f84c3,2,1
cb650201,2,1
d42b5c12,2,1
e0c836c0,4,1
e50dfea8,2,1
e5d725a6,2,1
e9179e33,3,1
ec877e37,2,2
ef71c571,2,1
efa2f43f,2,1
f9a45226,3,1
f9c230dd,2,1
dec37e81,2,3
6281190c,3,2
59957112,2,1
112d068b,2,1
29467552,2,1
3237159f,3,1
641d35c4,2,1
7813bbb7,2,1
88d0993d,3,1
8de16386,2,1
94e9ad2a,2,1
a3701252,2,1
a89c244a,2,2
bd108cd1,2,1
d811f02c,2,1
da26ef70,3,1
e79beb29,2,5
1b40eb1a,2,1
349a728d,2,1
4c4d6d83,2,2
72632ed7,2,1
808f4130,2,1
836dd814,2,1
946133a3,2,2
cd46e63c,2,1
ceddec0f,2,1
0d8f8ed6,2,12
14bee3ce,3,2
1636c7d7,2,2
443c4c22,2,1
4b493f80,2,1
510c2d6e,4,1
676391bd,2,2
6eebef22,2,3
8ea56536,2,1
aba42af7,2,1
b656dc8d,2,1
bde621b4,3,1
c2ff97a4,2,2
ef439b58,4,1
f96fd29c,3,1
fd4dfc01,2,1
0677052a,2,1
12d83a66,2,1
5e218bcd,2,1
7ba54365,2,1
a52dca9f,2,1
bd11b953,2,1
bd7aac1b,2,1
c0b2d538,2,1
c953d18d,5,1
cda82f38,2,2
dc431f44,2,1
e52281c6,2,1
fb2f6f18,2,1
0767ef6c,4,1
3283928f,3,1
8993b9a6,2,2
e747fe6f,2,1
112b77e8,2,1
5fdb10c8,3,1
63501e10,2,1
8c645105,2,1
9bb16859,3,1
c180c49f,2,1
9ec61b37,2,1
eefbc69f,2,1
60fcb382,2,2
a59ba126,2,1
d0728352,2,1
b4ca9041,2,1
a32e04e3,2,1
a97b8f71,2,3
1b06c6ad,2,1
8a744a5a,2,1
8f8f4e25,2,1
a5c1d4cc,2,1
dcfa68de,2,4
f7aff5ca,2,1
1330cf8b,2,1
14fd9ee1,2,1
2d1a5fc6,2,1
0a3ab91d,2,1
4c4f46d4,3,1
76e2ed69,3,1
b4649603,2,1
8f42d43f,2,1
4c2fd9d3,2,2
f2fb1757,2,1
8d9c8084,2,1
267ae24e,2,2
3229f40a,3,1
4abac681,2,1
9cbc59ed,3,6
bc889d3c,2,2
f074e605,2,1
50218b04,2,1
bb75fec8,2,1
1b2eda66,3,1
84cabcaa,3,1
bb608dd3,2,1
0b236dc6,2,1
5b06f5ba,5,2
103ec329,3,1
74c220e8,2,1
ac160ba3,2,1
b480a5b0,2,1
69f7df00,2,1
6afbc436,2,1
4f490f4b,2,1
ac4320eb,3,1
ba4b22a5,2,2
eeb4e6bc,2,1
ff564e82,3,1
f73fd6d2,3,5
bf7a27ce,3,1
27f5313b,2,1
f5388145,2,1
6ac92812,2,1
a060843a,2,3
1da27a88,2,5
36fe5d57,2,63
b44c975e,2,1
d0778f69,2,1
3b6f9902,3,1
4bc67faf,2,5
295a1a7a,2,1
084c630a,2,4
bbed0237,3,1
0b4d2e96,2,1
86f501cf,2,1
0958ab6f,2,2
1b178fb0,3,1
3a5dd188,2,1
3e3a18b7,2,1
3fc34a73,2,1
582cf88f,3,1
74ceb1f1,2,1
8c8a0a14,3,1
a467f2f4,2,1
2dead211,2,1
420a76b4,3,1
7ce72649,2,1
86708346,2,54
c8d0c74d,2,58
304e6358,2,1
a8672981,3,1
727461ec,2,1
2e3e77b3,3,1
826e31c0,2,1
a604bef4,2,2
f0a95143,4,1
00434bc0,2,1
613f6ec7,2,1
cf46d63f,2,1
e591ab25,2,1
05254e53,2,1
89b4774e,2,1
96c2502e,2,1
c986cedd,2,3
bb7abd90,4,1
5514806f,2,3
4199f373,2,2
c24ec92a,4,1
dd1f24a1,2,3
a52d5c99,2,7
96dc8280,2,1
f6406edd,3,1
d9a00b77,2,1
1511d931,2,1
90a83af2,2,2
eff4d37d,2,1
14dd29ed,2,1
2b335526,2,1
2c6c7405,2,1
2e72c87a,2,6
3c390862,2,3
47fbaf67,2,1
4c2f0a78,2,1
5ec1eb3a,2,2
67127872,2,1
88700c8d,2,3
93e61721,2,7
99038254,2,1
a57ab153,2,3
b649e2f8,2,1
cef9b97f,2,1
d70de542,2,1
d789df33,2,1
db6ea9dd,2,2
e358ae68,2,1
1751ba3d,2,2
53d1248c,3,2
efb1cbcd,2,1
0c91b806,2,5
313ef2d3,3,12
38ba0cd6,2,1
409137bb,6,1
61299af9,2,1
99e3a770,3,1
c2c8b5d2,3,8
d3ae2fa5,2,2
7cc0c5c9,2,1
d8a793a3,2,2
9a7d2e83,2,1
5636d56f,2,1
81732f3f,2,1
c53896e5,2,1
1364dece,2,1
1c1218fb,2,1
1f9833f4,2,4
35c3d646,3,1
4cefb6b6,2,1
51f2c8b1,4,1
78494f5a,2,1
847cbc37,3,1
974b572f,3,1
9a250980,3,1
a079a195,2,1
a72340fb,2,1
b5ca6f04,2,1
c28e7153,4,1
ca25bbca,2,1
e28cd183,2,1
3b6c90a6,3,2
98963feb,2,1
0abd5435,2,1
197eb929,4,1
315f7d06,3,1
324737ca,3,1
343d8671,3,1
47f43b83,3,1
5c47afe1,8,1
61ee1faf,7,1
62896493,2,2
6e252151,3,6
77598253,2,1
7a509ed4,5,4
7ada27e4,2,1
7cd0b46d,2,1
833f2917,2,1
a2fa0596,2,1
ac0e8333,3,4
b2742cc6,2,1
b28a92b0,2,2
c35bc1ba,7,1
c75d5f01,5,1
d01372bd,2,3
d0547035,4,1
dd278791,4,1
f4923a03,3,3
03561380,2,2
c629d09a,2,1
f7c90527,3,1
46af0640,2,1
bc02f2b4,2,6
a9f7c263,3,1
c06cbe37,2,1
aa1b5c17,4,1
0d13d886,2,1
35a06547,2,1
388400a3,3,1
837426ba,2,1
32420860,2,6
3f431cab,2,1
4626f2bc,2,2
d32fcd53,3,1
c61e721f,2,5
05232de7,2,1
2d170779,2,2
73959beb,2,1
901b6ac6,2,6
903bf028,2,2
99ca27e8,2,1
d3bfbb85,2,1
0e4b8f25,2,196
175d606f,2,1
1b03b431,2,2
4f5fe037,2,156
665524d5,2,67
82edf0bd,2,8
9b7e74a7,2,73
ca67b8cb,2,197
da035b84,2,1
eb23f3b5,2,124
68dab79b,2,1
6fd681e6,2,1
eae63c1a,2,1
12eba5a2,2,2
44268d7c,2,1
4525a4c0,2,2
5668ce8a,2,1
596acb3a,2,2
8b5c8f9d,6,1
9119898f,3,1
9a88b299,2,1
9b022f66,2,1
9c1d9e82,2,1
9d6e65e3,2,1
ac79d394,2,1
b5afe229,2,3
bd5db67a,2,1
d4bae090,3,1
dfc2ddd5,2,1
e0c3bdfa,2,1
ecedd55c,2,1
fa2d4a88,2,1
35a29b66,2,1
866a43b0,2,2
0b224ddd,2,1
0d019afc,2,1
106851c4,2,1
115efeb0,2,1
174c9f0d,2,1
1b8529ec,2,1
1c4eb133,2,1
207fa5c1,3,1
215f86c3,4,1
228e3f01,2,1
297bff7f,2,1
2d3550c4,2,1
2e4c9c2e,2,1
3156a769,2,1
31c79e29,2,1
33cb47ee,2,1
35378265,2,1
362203e8,2,1
379ad762,2,1
38218929,4,1
3d87c268,2,1
3d8a7c0e,2,1
3dad1b0c,3,1
4236d8f0,2,1
43f52503,3,1
451437c6,2,1
4547e894,3,1
45c6cab2,2,1
475109c5,2,1
489a8f2a,2,1
4d8523c3,2,1
50e0a6b2,2,1
5388464a,2,1
53a8a7f9,2,1
548c1d6e,2,1
574f2556,2,1
591a0bb8,2,1
5ade0ddf,2,1
5f72fc6a,3,1
61483b18,2,1
6162c49e,4,1
618300ec,2,1
68aea29c,2,1
6ac2655e,2,1
6dfab475,2,1
72f4c7af,2,1
75cd7bc3,2,1
7839e27b,2,1
78728af2,2,1
798a14a6,2,1
799a7bc8,2,1
7d897abe,3,1
7fc4979d,2,1
82e28492,2,1
85465ed3,2,1
929c6157,2,1
932655a4,2,1
95cb2e3a,3,1
9688270d,2,1
96f28b6a,2,1
9ca4839a,3,1
9fcfb86c,2,1
a564fecb,2,1
a5921270,2,1
a67f25d5,2,1
a88c5ff9,2,1
a929b4d4,2,1
ad085f82,2,1
ad778bc4,2,1
bbe170c9,2,1
bbf0d35b,3,1
bd449674,2,6
bf219714,2,1
c2d2a7d4,2,1
c2e70ca9,2,1
c6c16423,3,1
c99bea1d,2,2
cc7faddf,2,1
ccecf17b,2,1
cd736dbf,2,1
d1ce45cd,2,1
dbf867cf,2,1
dc2e3ea8,2,1
df0a4ff2,2,1
df1a5e49,2,1
e007afd3,2,1
e274db9e,2,1
e741d4df,2,1
e86c5f09,2,1
e9ce987a,3,1
f42e0fd3,2,1
f50d953f,2,1
f55e178f,2,1
fcbdac7e,2,5
ff47e45d,2,1
870818b7,2,1
ae4da5bd,2,3
1ba3363b,6,1
b58afdf6,2,1
e2300cb2,2,1
bac2cf67,2,1
33262bac,3,1
5fb82fea,4,1
b1c9bec9,2,2
8d392f47,2,1
bac29282,2,1
0c0fc102,2,7
a49eb104,2,2
b1cb2cb5,2,3
bfab9718,2,1
0113e212,2,1
8016360f,2,1
afba13a7,2,1
005eda08,2,1
0d3eca32,3,1
1be88311,3,1
2324f7bc,2,3
233571a0,2,4
44070550,4,1
4a98ee00,3,1
6cdb49b6,2,2
7d3506c9,2,1
ba621e4d,2,1
e593e968,2,1
ebdb95b7,2,1
ed4ff493,3,1
32fc0741,2,2
cfa07269,2,1
e588b101,2,1
eee8edd9,2,1
33724920,2,1
f53a25ed,2,2
4f0f3cf8,2,1
6fecbbca,3,1
eaa315d2,3,4
4f90ae54,2,1
8b90599a,2,11
b9f18398,2,2
e2e1e1eb,2,7
0bc1a104,2,1
faa797cf,2,1
0107bb55,2,21
22629263,2,2
9c1b3aaa,3,1
b54924f0,2,4
b5c7d123,2,1
0e82e613,2,1
e397a525,3,1
02baa1b5,2,1
651de9e1,3,1
739d5c75,2,1
977ad6b0,2,1
ce392c02,2,1
2b9143ca,3,2
1ecd428c,4,1
2f578411,2,1
993d4e81,3,1
1d71fcab,2,1
7dff0485,2,1
7ee49ebf,3,1
c5006e8d,2,2
79a329dd,2,1
bfed137d,2,2
db5f7070,2,1
94612521,2,2
13a0c3c7,2,212
142e5776,2,463
29dde769,2,522
686eb9ef,2,529
98b208e2,2,541
b4d47c56,2,48
e3fc7e97,2,149
e78e2866,2,21
f1b59ed4,2,337
f8a91f14,2,266
82eef30c,3,1
3df97f97,2,1
4542ba5a,3,1
b2ad10ad,2,1
7c9d44ac,2,1
da603796,4,1
fafd49b5,2,1
1df0eb44,3,1
334acf3c,3,1
445ca3ac,2,1
64f8b93d,2,1
6cabaa04,2,1
86436089,3,1
8aaa17e6,3,1
c580cd93,5,1
e4822b8c,3,1
66ba305e,2,1
a5c52cd6,2,1
a96e1c7a,2,1
ba65a6bc,2,1
7f92aa65,2,1
0ccfa601,2,1
718875a0,2,1
13650ea9,2,1
30af5f10,2,1
3452efaf,2,1
38eced2e,2,1
3ef6309b,2,1
6b0629d5,3,1
6cd4e6a9,2,1
c1127165,2,1
d180cc13,2,1
f6aa2496,2,4
ee5e4291,2,1
36f0dc52,2,1
7a03bb17,2,1
c8f51872,3,1
e9bfef29,3,1
9cef6518,2,1
2792210a,3,1
39b2a2bd,2,1
47deb87e,3,1
48ed7cf9,3,1
dff607dc,2,1
e79fe399,2,1
8f5b725d,2,1
f884068b,2,1
f1b928f6,2,1
018297a8,2,1
0b057371,2,2
11f8d1ee,2,1
1c7e2580,2,1
30f2718f,2,1
487e2872,2,1
4fca563f,2,1
5686fd74,2,1
6264d854,3,1
65ec52f6,2,1
6f095f95,3,1
7dfbb474,2,1
8ec74957,2,1
a8978b02,2,2
ce120960,3,1
f0f43e97,3,1
fc9a9727,2,1
96e4cf38,2,1
3c4ff2cf,2,1
5442713c,2,2
9d811836,2,1
6824525a,2,1
89a60f7f,3,1
f1c23476,2,1
bb16cf5a,2,2
ab018caf,2,1
18ed5a7d,2,1
2f394501,2,1
54c62089,2,1
6629dbb5,3,1
9a7109b3,3,1
9c879570,2,1
ae9f7109,5,1
b6308752,6,1
cd99435b,2,1
d5bd7387,2,1
e4d89db1,2,1
144f202a,2,1
7fa2b4d8,2,1
0195208c,7,1
28eb4dc4,3,1
35513b95,5,1
62efbe5f,12,1
a186113f,10,1
c952f57c,2,1
fa4ff06f,6,1
2b421713,3,1
38de0c44,2,1
4a10f2af,2,1
526436b6,2,1
545073d2,3,1
6242e1bf,2,1
b267b693,2,1
cc4ee64f,2,1
f866ef37,4,1
23df6d23,2,1
54f33321,2,1
5a80ee9b,2,1
82e27b29,3,2
f5f26bc5,2,1
21262f42,2,1
6cfab9f6,2,1
13515114,2,1
c25cb6bf,2,1
d3d4fb3c,2,1
d6480148,3,1
5d415235,2,1
9fe70b1f,2,1
e5ab852c,2,2
7eade758,2,2
5acd2461,4,1
88fda29c,2,3
8d208a46,2,1
b74f0a73,2,6
5b2c1f75,2,1
76417955,2,1
22755f6c,2,1
5d33ddf5,2,1
67cf3663,7,1
c5f9fdf8,2,1
d42e7c6c,2,1
8069fc99,4,1
b5290a91,3,1
c6ff6b9b,2,2
87eef1d2,2,1
aa0f60c2,2,1
ff1691ac,2,1
5e516143,4,1
13c1eca2,2,1
b7150215,2,1
1bed4a7f,2,1
28c7f385,2,1
33065e65,2,1
897a6c40,2,1
8bbd4ccb,2,1
925d7cec,2,1
d222cbbb,2,1
d6181052,2,1
e0487737,2,1
f3e80f20,2,1
30b1e546,2,2
0018c519,2,2
24f48385,2,2
281ff574,2,2
313496d5,2,3
3663dfeb,2,1
7a9cc46a,2,1
ae12eb9d,2,1
f84fdbbb,3,1
477dd756,2,1
53bc7078,2,1
154d2c61,2,1
38ed32d1,2,1
06d267c7,2,1
03a943ea,2,2
0b106dab,2,1
55c2ec35,3,1
6b12bc49,3,4
743a1172,3,1
80befdad,3,1
83154028,3,1
89ba2c6e,3,1
999df6fe,2,1
9af20821,2,1
bc106102,2,1
d73c24d3,2,1
e448e959,2,1
ef16f7c4,2,1
29742a30,2,2
0ed97d82,2,1
10848621,2,1
403ad797,2,1
48854fdc,2,1
bc2223fb,2,1
dfcaab36,2,1
efa7c215,2,1
fa11ff89,3,1
4d436c3e,2,1
224befb5,2,1
ca16d5da,2,1
d0cfc5db,2,1
b15b1390,2,1
c424d34b,2,1
0505296a,2,1
3b4dc1dd,2,1
42e3f1ba,2,1
712ad763,2,2
7ca4f2b7,3,1
ac92f4f9,2,2
bce560c2,2,2
d0251232,2,2
d1f928cc,3,1
f2e93f07,2,3
f9b28f01,3,1
fb2d817e,2,1
11765ef8,2,1
29872893,3,3
3d3c9804,2,2
83a22e86,2,1
a92e46c4,2,1
aa693452,2,1
abcf8aa9,2,2
cccb9505,2,1
d46352d2,2,1
05e32892,4,1
0d3a9f05,4,1
139a8a3b,3,1
367464a3,2,1
3a61f87e,2,1
4e3c5bd5,2,1
4ea88407,3,1
50701df4,3,1
6390d18d,5,1
64158632,2,1
652d2f6e,3,1
7825a5b5,4,1
7d724e8c,3,1
7f52aecb,2,1
80213bae,2,1
821d4efe,3,5
97e131d5,3,1
a240df58,7,1
a5369374,10,1
c2cf3bef,3,2
cf2c6bd5,2,1
d22d8450,2,1
decf9a5a,2,1
df3867fb,2,1
eeeb7b9c,2,1
2807ba4e,2,1
4650cbca,2,1
a37c512b,3,1
80b8e14a,3,1
aaf43fe6,2,1
6b310a94,3,1
d0d8fea5,2,1
0983219e,2,1
141844ef,2,1
37b9f423,2,1
78499cb0,2,1
874ccc53,2,1
cefc00db,2,1
ecb9f6e7,2,1
9dda370e,3,3
3e2f5bfe,3,1
4e93030b,2,1
795681a1,2,1
f1e00ac7,3,1
09517553,2,1
0b50232d,4,1
50e6f3e2,3,1
7c8a0c29,2,2
99166d78,2,2
9e6ea263,2,1
d565c58d,2,1
f00a83b6,2,1
fa7acddf,2,1
452be1e0,2,1
b4a230d0,2,1
4b28039d,2,1
9d4ddc78,2,4
b92f86ba,2,2
da70b411,3,2
f8054af7,2,4
35ca8ee4,5,2
4dcc1aef,4,1
6b40b2b7,2,1
998766f3,2,1
f4d1af06,2,1
6e37273d,2,1
c5d39ff4,2,1
ce7928c7,2,1
268f4199,3,1
31a9dbe9,2,1
5c9b1e27,2,1
ff5df860,3,1
2358062b,2,1
d7c5f1bd,2,1
1ae83798,2,1
419f0c7d,2,1
6c0f1cb8,2,1
ac26f913,2,1
ac53759f,10,1
e05eaa2b,4,1
e7bc4f5d,2,2
ebaba791,4,1
253283fc,2,1
605e8a1c,3,1
0ef66912,3,1
1e9b6c9b,2,1
3e835519,2,3
48239dfd,2,1
4898b193,3,1
7f023ce5,2,1
ce38a652,2,2
dad90e73,3,1
ea4a9e6d,2,1
ee41c786,2,1
0454a768,4,2
35e1ca64,2,1
ed098e2a,2,2
0520566f,2,2
978dab2e,2,5
b29a80c7,2,2
e280e6f4,3,1
2c724f06,2,1
801290de,2,1
266411c5,2,2
e587cc3b,2,1
3d993408,2,1
d28073c8,2,5
940c3c9c,2,2
38882d03,2,1
06d7147d,2,1
f7393f54,2,1
5eef12d9,2,1
8c1913b2,3,1
2e06b176,2,2
713adb7e,2,1
fe45137f,2,1
0835d81c,4,1
135da136,2,1
b37c2d7c,2,1
ce2c4174,3,1
99d37358,2,1
64ed6c2b,2,2
32fc562c,2,1
c84f539d,2,1
20bd1182,2,2
29440158,2,1
3df5d991,2,1
85d51962,4,1
2b7786ff,3,1
06d83765,4,2
4fb35a18,2,5
60ba79e9,2,2
a307dbd1,4,1
d2f5717c,2,1
83ee5330,2,1
d1ab1cdc,2,1
3749eb22,2,1
0bb28612,4,1
0bbca25e,2,1
20559c22,2,1
235622a1,2,1
2d7f8a47,2,1
2fa97c49,2,1
33168dad,2,1
391c9a62,2,1
44d70ba0,4,1
46642110,2,1
4f1051d0,2,1
59717769,2,1
6fe51cb8,2,1
82ecd970,2,1
8385125e,2,1
8c929487,2,2
a959404b,2,1
b086721c,3,1
b9a326a9,2,1
e2b7e4e7,3,1
e4bf4801,4,1
ef2c094b,2,1
7984f9fe,2,3
2488d05b,2,1
3f9b2ed3,2,1
36f9fd8f,2,1
7e4583d7,3,1
67bf106d,2,3
d6ce9dca,2,3
38bb259f,2,1
61a096f3,3,1
84747cb1,2,1
9aa9473c,3,1
a9850c50,2,1
ac932974,7,1
f440f294,2,1
f98edc87,3,1
fe9b3437,2,1
28d232a3,2,2
322fe702,2,1
60094fd8,2,2
355e3a38,2,1
3ff52deb,2,1
12139a09,2,1
4758ac69,6,1
511005e4,3,1
e3af383a,2,1
0aa8714b,2,1
a497f3b6,2,4
3a42e118,2,2
3ef6732b,2,2
bcbcdabd,2,1
e9bd20a1,2,1
0da32066,2,1
0424d3ee,2,3
0e2eced8,2,12
47b0436f,3,1
535c36c8,2,2
b905581b,2,2
c1a549e7,2,23
e6f4712e,2,1
0429d6a8,2,1
50afecac,3,2
64cc8bc8,2,2
f1a321d1,2,2
0041e3de,3,2
0caa905f,2,1
70b4c492,2,1
e0eeee12,2,2
2c751f96,3,1
3deeaac7,2,2
4a55bc83,2,1
76da64d7,3,1
89cc3d8e,2,1
b064709d,2,1
bc6307d5,2,1
eda66bf9,2,2
ef7a6493,2,1
f615cdb4,2,1
fa3f3914,3,1
5a863566,2,2
a07d1188,2,2
a26b82ff,2,1
b429d6b2,2,6
e3b7d065,2,1
557808e9,2,1
ce3ec319,2,2
d9f658ee,2,1
b2f48ce4,2,1
f2c59324,3,1
611b4d09,2,18
f2323454,3,1
09024c50,3,1
0cc69d8f,2,1
6b5e3cfa,2,9
7f8d9817,2,1
8ab7cc9f,2,1
c06b44aa,2,1
f93d8b77,2,1
57a99e0f,2,1
fd89425f,2,1
246e7184,2,1
2af80d69,2,1
2ef57daf,8,1
32b1fb37,4,8
3cbe5219,4,1
75fa5fd2,6,1
81c2ccb6,9,1
a21c36e6,2,1
b657b148,2,1
c94b7995,2,1
d56ad846,7,1
d6729327,2,1
db33a357,4,1
de59a88c,3,1
e8f1a0e7,2,1
f50acd28,2,1
f8d49e86,6,1
3cd444e7,2,1
41957c88,2,6
a1f37417,2,1
c4b48937,3,1
e4c4d08b,2,2
f047143e,2,1
17881cbb,2,1
9df91e07,2,1
0440c03c,2,1
16502b83,2,1
448b6a1c,2,1
49ae1730,2,1
52620969,3,1
5477d545,5,1
5901058a,2,1
5ad30d00,2,1
5b2eb986,3,1
6e2d297e,2,1
7ea188e0,4,1
836feaa2,2,1
9abf727f,2,1
a521d469,2,1
b13d0f87,2,1
bb3a3ae8,3,1
cc87df91,8,1
cf2589ba,2,1
d51d2bf5,5,1
d5444884,2,1
ed1ed5d5,3,1
f081ede2,4,1
f0f57722,2,1
fd07da35,4,1
03bee246,2,1
09cb5944,2,1
185e46ef,3,1
4edfa554,2,1
661c097e,2,1
6ae6da95,2,1
6b838def,2,1
8c6860c0,2,1
963311bf,2,1
c0d7fda2,5,1
c4be9eaa,2,1
cb345e13,3,1
179537c2,2,14
56f4448f,2,1
10f07bb1,2,3
d96f52cb,2,1
0fba61ba,2,1
dc05257e,2,1
3f49fdae,2,1
ab51a186,2,1
dcc29a3b,2,1
37c5b135,2,1
890d2d68,2,3
2d40e4d7,2,2
d11e878e,2,1
04a9a7cc,2,1
65476c74,2,1
6d4236f9,4,3
22dfd21b,2,1
350567f5,2,1
f1602c9f,2,1
fbc8131b,2,1
6c0c2103,2,1
ef5c41f1,5,1
706db74f,2,1
97bff54c,2,1
2f948758,2,1
bc488dae,2,1
ec156cb2,2,4
459bc61c,2,3
701a8f77,2,2
001d808a,5,1
012fd9f0,2,1
0140e4f7,2,1
05a95788,2,1
06479bd1,4,1
06707f8e,2,1
069a9b99,5,1
0754e952,2,1
07cd45d4,2,1
0a3d3007,3,1
0aebd348,3,1
0b07779e,2,1
0b86c4e5,2,1
0c2b3c01,2,1
0d1217b2,2,1
0f9544ab,2,1
130b41bb,3,1
13e41d08,4,1
144afae4,3,1
16c0754d,2,1
1b353714,2,1
1e9f4058,2,1
1f6a8a50,3,1
200fa17a,2,1
24d14c31,2,1
26523885,3,1
2b20bbcc,2,2
2d5d6295,2,1
3093a946,2,4
30dcd66c,3,1
310fd14a,3,1
315ee6dd,2,1
32a6d8fa,2,1
33322e3f,3,4
3574c196,2,1
377a22c4,2,1
3c557022,2,1
3c6225dc,4,1
3ff65ba3,3,1
403757d2,2,1
40b97fd9,2,1
4cf237cf,4,1
4ed44c3c,2,1
50a3f256,2,2
520a8ce8,3,1
55a49938,4,1
55ec6480,2,1
57c6d339,2,1
5a97f125,3,1
5da363c7,3,1
5faf18a0,2,1
617d59e8,4,1
637db9c8,2,1
64e17c6c,2,1
671212fd,3,1
70a809a6,2,1
75c6312a,2,1
762fbbf0,2,1
76e5761e,2,2
78d34d2e,2,1
7d7a6890,2,1
7ee822ae,2,2
7f85b4db,2,1
7fb13acd,2,1
8007ad56,2,1
81cd8815,2,1
852539a8,4,1
87f27820,2,1
8912a49c,2,1
89969c10,3,1
8a31447a,2,1
8d58524b,6,1
947b8ed3,2,1
9552865d,2,1
9bb62ff5,7,1
9c110dd0,2,1
a19c09d2,3,1
a3659c08,2,1
a389830d,2,1
a9d2e1ff,2,1
ab9fd7ef,2,1
ae21c9c5,2,1
af20ca70,2,1
b130548f,3,2
b2311b6e,4,1
b26462e0,2,1
b6e84f9c,2,1
bab0f5d7,4,1
bae93981,2,1
bbd11943,4,1
c453b808,2,1
c649bb47,3,1
c680e978,2,1
ca5c583f,2,1
cd1fec17,2,1
cdf33232,2,1
d3a0fef6,3,1
d5dfe2f4,2,3
d61ce775,2,1
d8c8a050,2,2
d9321bab,2,2
dc2a8ab1,3,1
dce79f02,2,1
dd934a25,3,1
ddac2b7d,4,1
dfd96663,2,1
e0c39462,2,5
e15449c9,2,1
e257f34d,2,1
e3acf020,2,1
e3fb94df,2,1
e49c97c1,4,1
e4b08682,3,1
e8450609,3,1
ea1a99c0,2,1
ecbfb7b0,2,1
ed8659e4,2,1
edc8f100,2,1
ee8b5dfe,2,2
f0300c07,2,1
f21b659e,2,1
f301b56a,3,1
f88ea07b,2,1
fb87e32a,2,1
fe8e4cbd,4,1
e8816d60,2,1
26f44c6d,2,1
4a625e00,2,1
6459f2c0,4,1
760a4e05,2,1
ea1fc3c8,2,1
ff6cab06,2,2
5ae082d7,3,1
77f88600,2,1
788f9579,2,1
cfcfcfcb,2,5
dce7da10,2,1
b2420df0,2,1
fc7059b6,2,4
b12dff20,2,3
b60cdc15,2,2
c7bd7a00,3,3
1b43bf56,2,1
c3192401,2,1
deeb813d,2,1
318fd37d,2,1
357ef6e5,2,1
af9db1e7,2,2
d7c4192a,2,1
0009be5d,2,1
3675ca3c,2,2
5096d55c,2,1
c2c2de52,2,1
e2e9e41c,2,1
76d0ef3c,2,1
36ee6bc5,2,1
e64963ae,2,1
03e41b23,2,2
0db9a39f,2,1
1422e8f9,5,1
16761e2a,3,1
1f4af5fe,2,2
297a2966,2,1
2ad6d354,2,2
2e175bd2,3,1
308bdacc,2,3
377ad0c3,2,2
39b8e040,2,1
40b3f2e5,2,1
4821ac1f,2,1
4adccdf5,2,1
4ce2514b,2,1
52f0bce2,2,1
55100af1,3,1
57028cae,2,1
5fc799f6,2,1
6053d885,2,1
63255646,2,1
65dbbedb,2,1
67605384,2,1
6c0a5cd7,2,1
6f76b1ae,2,1
725743a0,2,1
748cf7c9,2,1
77ad9f71,2,1
7a1ef619,2,2
7a656aaf,2,1
7ca3142d,2,1
851dd297,2,1
9004ab64,2,1
a2e54a51,3,2
a3b79b18,2,1
a74a76d9,2,1
a8657d54,2,1
b17023b6,2,1
b6b0f650,2,1
b827cc3d,2,1
bac5bf6a,3,2
c0e8063c,2,4
c0ef2c2a,2,1
c229c6ba,2,1
c303ca36,3,1
c3ef1819,4,1
c70a3978,2,1
d24b478c,2,1
d54d5721,3,1
d7e9299d,2,1
db9edd3c,2,1
e038c757,2,1
e3882b79,2,1
f3dc694a,2,2
f3ec0434,3,1
f693c443,2,1
fbddd3b2,2,5
fc132669,2,1
fe768f68,2,1
ff524cc6,3,1
f847717c,4,1
ee6e15d2,2,3
5728cd49,2,1
029a5a8a,2,2
73f14c9d,2,1
03e5124f,3,1
36bd2957,2,11
55349a45,2,1
7d0a34ef,2,4
9c173550,2,1
bce93442,3,1
0c71ee35,2,1
1915e458,2,3
a2f2fbc8,2,1
ac48ddfb,3,1
00e26cf2,2,1
2aa9834d,2,2
b26844fb,3,1
b5015560,2,1
a49f2ea6,2,1
31989720,2,2
3f988695,2,15
4b8df2d1,2,1
09a7e51b,2,1
82daf825,2,1
5a755df2,2,1
0237d3c3,2,1
050eb791,3,1
087560ee,2,1
08c24f05,2,1
0a197466,2,1
11aa925a,2,1
1482bc40,3,2
148d2d7e,4,1
1b25214f,2,1
1dc42da8,2,1
2a914f09,2,1
2cea341b,3,1
349251ff,2,1
36be8ff2,2,1
3d0d59c2,3,1
41fa9a4a,2,1
4dd90dc5,2,1
55165260,5,1
57d7367b,2,1
5fb2e486,3,1
621d2702,3,1
64750d1d,2,1
67685e1b,2,1
6c4a0f01,2,1
7000edd2,2,1
7295bb17,2,1
74027a4e,4,1
80f225f0,2,1
853a579b,2,1
9acd5e7b,2,1
afbcd979,3,1
b21b40e4,2,1
b609edd0,2,1
b8f3a455,3,1
b8fd4e3d,2,1
c1a39c9c,2,1
c51e223f,2,1
c89ca72a,2,1
cc8e8664,2,1
ce76caed,3,1
cfd18673,2,1
d32d452e,2,1
d43ab245,2,1
edb81644,5,1
f17f74f8,3,1
f1a27df8,3,1
f91f9779,2,1
30f8487b,3,1
33873c26,2,1
bdcaa418,2,1
32e6bd65,2,22
3964a7bd,2,1
8efce410,2,1
b87f7385,2,1
b94e9b4d,2,1
bf6e2b54,2,9
c65962c8,3,1
d58679c3,2,2
eae6e903,3,1
0ee94413,2,9
372a4b75,2,1
4248fa86,3,1
9ca64029,2,1
3f0c6247,2,1
895cb344,2,1
b48924d3,2,1
ebaf9e55,2,1
31ce8e40,2,1
a6d20210,2,12
34b048ae,2,1
80905be7,2,1
8cee603f,3,1
937f6b4e,2,1
a80bb4a8,2,1
c4d194f9,3,1
19b14f60,4,1
ebe9891e,2,1
2a523dc0,3,1
8cb3afda,2,1
9566a3e9,4,1
389beff8,2,1
25ffb185,2,1
2cceb058,8,1
3238933f,3,1
3c73f510,2,2
463edeee,2,1
4bf974f5,5,1
8edeceef,2,1
ba9b0486,2,1
03a933cd,2,1
f18e104f,2,1
2a101855,2,1
cada22f3,3,1
591bfb43,2,1
d1007f34,2,1
1b870e27,2,1
3c6c5462,2,1
24f18182,3,1
45de1dee,2,15
4bc69df6,2,1
5ac64452,2,9
72fd7491,2,1
c8df478e,2,1
d42b0965,2,1
126d611b,2,1
8eabba3c,2,1
480c6f5b,2,2
49773a8a,2,1
70c6a923,2,1
a2e5e811,2,1
3418497a,2,1
878953d8,2,1
97838a3b,2,1
43099ba7,2,1
86a37ca0,2,1
b206d899,2,1
2df13a05,2,1
e3c8a343,2,1
4aa01979,2,1
e4c28d0c,2,2
d891e7f1,2,3
23412587,2,1
adb21edb,2,2
288d6db9,2,1
2ffb09f5,2,20
3871862c,2,1
42ea5a4a,2,7
43731018,2,1
96620b3c,2,6
121678eb,2,2
38428c6c,2,1
618501f0,2,1
a3cb4ee2,3,1
ec9c2e0a,3,1
326c54fe,2,1
4338954c,2,1
bf89f48c,2,4
dd1aac66,2,1
9ee289f1,2,1
e6394932,3,1
18fd1d85,3,1
1956c223,2,1
380cf77e,2,1
ca05930e,3,2
29e3a796,2,12
98f10685,2,1
c0cb4952,2,2
349e53ac,2,2
3ef2474e,2,1
fb8dc730,2,1
2a4d9d73,2,1
f26e431e,2,1
5daea748,3,1
266ca854,2,1
272e31fa,2,1
83e808d6,2,2
c9d2e5d2,2,4
b3c23f19,3,1
f38012c8,2,1
44282224,3,1
ff726730,2,6
4acfeae3,2,1
66a27541,2,1
415ba32d,2,1
539e4dd4,2,1
5c52182c,2,1
060f3acd,2,2
12309be2,2,1
2edaebaa,2,1
2a4ced14,2,1
47f38843,2,1
91c170dd,2,1
adfc696e,2,1
c56479f2,2,1
f6b20aee,3,1
54259b0b,3,2
5dc8f958,2,1
34e3c8d0,2,1
5eaf354d,2,3
c0f59a70,2,3
fe4d65ed,2,2
0a398164,3,1
6371e731,3,2
b1b1f8d5,2,7
651db778,2,1
5ac3970a,2,1
66a4c01e,2,1
c1b443f0,2,1
025e9d07,2,1
9fff8939,2,7
a103dc0c,2,1
c24e1a5f,2,1
